<?xml version="1.0" encoding="UTF-8"?>
<beans xmlns="http://www.springframework.org/schema/beans"
	xmlns:xsi="http://www.w3.org/2001/XMLSchema-instance"
	xmlns:context="http://www.springframework.org/schema/context"
	xmlns:mvc="http://www.springframework.org/schema/mvc"
	xsi:schemaLocation="  
        http://www.springframework.org/schema/beans  
        http://www.springframework.org/schema/beans/spring-beans.xsd  
        http://www.springframework.org/schema/context  
        http://www.springframework.org/schema/context/spring-context.xsd  
        http://www.springframework.org/schema/mvc  
        http://www.springframework.org/schema/mvc/spring-mvc.xsd">


	<context:component-scan
		base-package="com.agroTrading.controller"></context:component-scan>

	<bean
		class="org.springframework.web.servlet.view.InternalResourceViewResolver">
		<property name="prefix" value="/"></property>
		<property name="suffix" value=".jsp"></property>
	</bean>

	<bean id="ds"
		class="org.springframework.jdbc.datasource.DriverManagerDataSource">
		<property name="driverClassName"
			value="com.mysql.jdbc.Driver"></property>
		<property name="url"
			value="jdbc:mysql://localhost:3306/Agro_Trading?useSSL=false"></property>
		<property name="username" value="root"></property>
		<property name="password" value="123456"></property>
	</bean>

	<bean id="jt" class="org.springframework.jdbc.core.JdbcTemplate">
		<property name="dataSource" ref="ds"></property>
	</bean>
	

	<bean id="admindaoimpl" class="com.agroTrading.dao.AdminDaoImpl">
		<property name="jdbcTemplate" ref="jt"></property>
	</bean>
	<bean id="adminBoImpl" class="com.agroTrading.bo.AdminBoImpl">
	</bean>
	
	<bean id="userDaoImpl" class="com.agroTrading.dao.UserDaoImpl">
		<property name="jdbcTemplate" ref="jt"></property>
	</bean>
	<bean id="userBoImpl" class="com.agroTrading.bo.UserBoImpl">
	</bean>
	
		<bean id="pesticideDaoImpl" class="com.agroTrading.dao.PesticideDaoImpl">
		<property name="jdbcTemplate" ref="jt"></property>
	</bean>
	<bean id="pesticideBoImpl" class="com.agroTrading.bo.PesticideBoImpl">
	</bean>
	
	<bean id="manureDaoImpl" class="com.agroTrading.dao.ManureDaoImpl">
		<property name="jdbcTemplate" ref="jt"></property>
	</bean>
	<bean id="manureBoImpl" class="com.agroTrading.bo.ManureBoImpl">
	</bean>
	
		<bean id="itemDaoImpl" class="com.agroTrading.dao.ItemDaoImpl">
		<property name="jdbcTemplate" ref="jt"></property>
	</bean>
	
		<bean id="paymentDaoImpl" class="com.agroTrading.dao.PaymentDaoImpl">
		<property name="jdbcTemplate" ref="jt"></property>
	</bean>
</beans>  